Country (exonym),Capital (exonym),Country (endonym),Capital (endonym),Official or native language(s) (alphabet/script)
Afghanistan,Kabul,AfÄ¡ÄnistÄnØ§ÙØºØ§Ù?Ø³ØªØ§Ù?,KabulÙ?Ø§Ø¨Ù?,Pashto/Dari(Arabic script)
Albania,Tirana,ShqipÃ«ria,Tirana,Albanian
Algeria,Algiers,Dzayerâ´·âµ£â´°âµ¢â´»âµ?Al-JazÄ'irØ§Ù?Ø¬Ø²Ø§Ø¦Ø±,Dzayerâ´·âµ£â´°âµ¢â´»âµ?Al-JazÄ'irØ§Ù?Ø¬Ø²Ø§Ø¦Ø±,Berber language(Tifinagh script)Arabic(Arabic script)
American Samoa[1],Pago Pago,Amerika SÄmoaAmerican Samoa,Pago PagoPago Pago,SamoanEnglish
Andorra,Andorra la Vella,Andorra,Andorra la Vella,Catalan
Angola,Luanda,AngolaNgola,LuandaLwanda,Portuguese Kongo
Anguilla[2],The Valley,Anguilla,The Valley,English
Antigua and Barbuda,Saint John's,Antigua and Barbuda,St. John's,English
Argentina,Buenos Aires,Argentina,Buenos Aires,Spanish
Armenia,Yerevan,HayastÃ¡nÕ?Õ¡ÕµÕ¡Õ½Õ¿Õ¡Õ¶,YerevanÔµÖ?Ö?Õ¡Õ¶,Armenian(Armenian alphabet)
Aruba[3],Oranjestad,Aruba,Oranjestad,"Dutch, Papiamento"
Australia,Canberra,Australia,Canberra,English/Aboriginal languages
Austria,Vienna,Ã?sterreich,Wien,German
Ã?land[4],Mariehamn,Ã?landAhvenanmaa,MariehamnMaarianhamina,SwedishFinnish
Azerbaijan,Baku,AzÉ?rbaycan,BakÄ±,Azerbaijani
,,,,
The Bahamas,Nassau,The Bahamas,Nassau,English
Bahrain,Manama,Al-Baá¸¥raynØ§Ù?Ø¨Ø­Ø±Ù?Ù?,Al-ManÄmahØ§Ù?Ù?Ù?Ø§Ù?Ø©,Arabic(Arabic script)
Bangladesh,Dhaka,BÄnglÄdeshà¦¬à¦¾à¦?à¦²à¦¾à¦¦à§?à¦¶,DhÄkÄà¦¢à¦¾à¦?à¦¾,Bengali(Bengali script)
Barbados,Bridgetown,Barbados,Bridgetown,English
Belarus,Minsk,BielaruÅ?Ğ?ĞµĞ»Ğ°Ñ?Ñ?ÑÑ?BelarusĞ?ĞµĞ»Ğ°Ñ?Ñ?ÑÑ?,MinskĞ?Ñ?Ğ½ÑĞºMinskĞ?Ğ¸Ğ½ÑĞº,Belarusian(Cyrillic script)Russian(Cyrillic script)
Belgium,Brussels,BelgiÃ«BelgiqueBelgien,BrusselBruxellesBrÃ¼ssel,DutchFrenchGerman
Belize,Belmopan,Belize,Belmopan,English
Benin,Porto-Novo,BÃ©nin,Porto-Novo,French
Bermuda[2],Hamilton,Bermuda,Hamilton,English
Bhutan,Thimphu,Druk Yulà½ à½?à¾²à½´à½?à¼?à½¡à½´à½£,Thimphuà½à½²à½?à¼?à½?à½´,Dzongkha(Tibetan alphabet)
Bolivia,La Paz,BoliviaBuliwyaWuliwyaVolÃ­via,La PazChuqiyapuChuqiyapuLa Paz,SpanishQuechuaAymaraGuaranÃ­
Bonaire,Kralendijk,Bonaire,Boneiru,Dutch
Bosnia and Herzegovina,Sarajevo,Bosna i HercegovinaĞ?Ğ¾ÑĞ½Ğ° Ğ¸ Ğ¥ĞµÑ?Ñ?ĞµĞ³Ğ¾Ğ²Ğ¸Ğ½Ğ°,SarajevoĞ¡Ğ°Ñ?Ğ°Ñ?ĞµĞ²Ğ¾,"Bosnian, Croatian(Latin script)Serbian(Cyrillic script)"
Botswana,Gaborone,Botswana,Gaborone,"English, Tswana"
Brazil,BrasÃ­lia,Brasil,BrasÃ­lia,Portuguese
British Virgin Islands[2],Road Town,British Virgin Islands,Road Town,English
Brunei,Bandar Seri Begawan,BruneiØ¨Ø±Ù?Ù?Ù?,Bandar Seri Begawan or BandarØ¨Ø§Ù?Ø¯Ø± Ø³Ø±Ù? Ø¨Ú¬Ø§Ù?Ù?,Malay(Jawi script)
Bulgaria,Sofia,BÄ?lgariya or BÄ?lgarijaĞ?Ñ?Ğ»Ğ³Ğ°Ñ?Ğ¸Ñ,Sofiya or Sofija[5]Ğ¡Ğ¾Ñ?Ğ¸Ñ,Bulgarian(Cyrillic script)
Burkina Faso,Ouagadougou,Burkina Faso,Ouagadougou,French
Burundi,Gitega,UburundiBurundi,GitegaGitega,Kirundi French
,,,,
Cambodia,Phnom Penh,KÄ?mpÅ­chÃ©aá??á??á??á??á?»á??á?¶,Phnum PÃ©nhá??á??á??á??á??á?á??,Khmer(Khmer script)
Cameroon,YaoundÃ©,CamerounCameroon,YaoundÃ©YaoundÃ©,FrenchEnglish
Canada,Ottawa,Canada,Ottawa,"English, French"
Cape Verde,Praia,Cabo Verde,Praia,Portuguese
Cayman Islands[2],George Town,Cayman Islands,George Town,English
Central African Republic,Bangui,CentrafriqueBÃªafrÃ®ka,BanguiBangÃ®,FrenchSango
Chad,N'Djamena,TchadTÅ¡ÄdØªØ´Ø§Ø¯,NdjamenaNijÄmÄ«nÄÙ?Ø¬Ø§Ù?Ù?Ù?Ø§,FrenchArabic(Arabic script)
Chile,Santiago,Chile,Santiago,Spanish
China (People's Republic of),Beijing,ZhÅngguÃ³ (ZhÅnghuÃ¡ RÃ©nmÃ­n GÃ²nghÃ©guÃ³)ä¸­å?½ (ä¸­å?äººæ°?å?±å??å?½),BÄ?ijÄ«ngå??äº¬,Mandarin Chinese(Chinese characters)
Christmas Island[6],Flying Fish Cove,Christmas Island,Flying Fish Cove,English
Cocos Islands[6],West Island,Cocos Islands,West Island,English
Colombia,BogotÃ¡,Colombia,BogotÃ¡,Spanish
Comoros,Moroni,KomoriJuzur al-QumurØ¬Ø²Ø± Ø§Ù?Ù?Ù?Ø±Comores,MoroniMoroniÙ?Ù?Ø±Ù?Ù?Ù?Moroni,ShikomorArabic(Arabic script)French
Republic of the Congo,Brazzaville,RÃ©publique du CongoRepubilika ya KÃ´ngoRepublÃ­ki ya KongÃ³,BrazzavilleBalazavileBrazzaville,FrenchKongoLingala
Democratic Republic of the Congo,Kinshasa,RÃ©publique dÃ©mocratique du CongoRepublÃ­ki ya KongÃ³ DemokratÃ­kiRepubilika ya KÃ´ngo ya DimokalasiJamhuri ya Kidemokrasia ya Kongo,KinshasaKinsasaKinsÃ¡sÃ¡Kinshasa,FrenchKongoLingalaSwahili
Cook Islands[7],Avarua,Cook IslandsKÅ«ki 'Ä?irani,AvaruaAvarua,English  Cook Islands MÄori
Costa Rica,San JosÃ©,Costa Rica,San JosÃ©,Spanish
CÃ´te d'Ivoire(formerly Ivory Coast),Yamoussoukro,CÃ´te d'Ivoire,Yamoussoukro,French
Croatia,Zagreb,Hrvatska,Zagreb,Croatian
Cuba,Havana,Cuba,La Habana,Spanish
CuraÃ§ao[3],Willemstad,CuraÃ§aoKÃ²rsouCuraÃ§ao,WillemstadWillemstadWillemstad,DutchPapiamento English
Cyprus,Nicosia,KyprosÎ?ÏÏ?ÏÎ¿Ï?KÄ±brÄ±s,LefkosiaÎ?ÎµÏ?ÎºÏ?Ï?Î¯Î±LefkoÅ?a,Greek(Greek alphabet)Turkish
Czech Republic,Prague,Ä?eskÃ¡ republikaÄ?esko,Praha,Czech
,,,,
Denmark,Copenhagen,Danmark,KÃ¸benhavn,Danish
Djibouti,Djibouti,JÄ«bÅ«tÄ«Ø¬Ù?Ø¨Ù?ØªÙ?DjiboutiJabuutiGabuuti,JÄ«bÅ«tÄ«Ø¬Ù?Ø¨Ù?ØªÙ?DjiboutiJabuutiGabuuti,Arabic(Arabic script)FrenchSomaliAfar
Dominica,Roseau,Dominica,Roseau,English
Dominican Republic,Santo Domingo,RepÃºblica Dominicana,Santo Domingo,Spanish
,,,,
East Timor,DÃ­li,Timor Lorosa'eTimor-Leste,DÃ­liDÃ­li,TetumPortuguese
Ecuador,Quito,Ecuador,Quito,Spanish
Egypt,Cairo,Misr or MasrÙ?ØµØ±,Al-QÄhirahØ§Ù?Ù?Ø§Ù?Ø±Ø©,Arabic(Arabic script)
El Salvador,San Salvador,El Salvador,San Salvador,Spanish
Equatorial Guinea,Malabo,Guinea EcuatorialGuinÃ©e Ã©quatorialeGuinÃ© Equatorial,MalaboMalaboMalabo,SpanishFrenchPortuguese
Eritrea,Asmara,IritriyaØ¥Ø±ØªØ±Ù?Ø§Ertraá?¤á?­á?µá?«,AsmaraaØ£Ø³Ù?Ø±Ø§AsmÃ¤raá? á?¥á??á?«,Arabic(Arabic script)Tigrinya(Ge'ez script)
Estonia,Tallinn,Eesti,Tallinn,Estonian
Eswatini(formerly Swaziland),Mbabane,EswatinieSwatini,MbabaneMbabane,EnglishSwazi
Ethiopia,Addis Ababa,Ityop'iaá?¢á?µá?®á?µá?«,Addis AbÃ¤baá? á?²á?µ á? á? ,Amharic(Ge'ez script)
,,,,
Falkland Islands[2],Stanley,Falkland Islands,Stanley,English
Faroe Islands[8],TÃ³rshavn,FÃ¸royarFÃ¦rÃ¸erne,TÃ³rshavnThorshavn,FaroeseDanish
Fiji,Suva,FijiVitià¤«à¤¼à¤¿à¤?à¥?,SuvaSuvaSuva,EnglishFijianFiji Hindi
Finland,Helsinki,SuomiFinland,HelsinkiHelsingfors,FinnishSwedish
France,Paris,France,Paris,French
French Guiana[9],Cayenne,Guyane,Cayenne,French
French Polynesia[10],Papeete,PolynÃ©sie franÃ§aisePÅrÄ«netia FarÄni,PapeetePapeÊ»ete,FrenchTahitian
,,,,
Gabon,Libreville,Gabon,Libreville,French
The Gambia,Banjul,The GambiaKambiyaß?ß?ß¡ß?ß?ß¦ß?Gambiğ?¤?ğ?¤¢ğ?¤¥ğ?¤¦ğ?¤­GÃ¡mbi,BanjulBanjulß?ß?ß²ß¬ß?ß?ß?Bannjuluğ?¤?ğ?¤¢ğ?¤²ğ?¥?ğ?¤¶ğ?¤µğ?¤¤ğ?¤µBanjul,EnglishMandinkaPulaarWolof
Georgia,Tbilisi,Sak'art'veloá?¡á?á?¥á?á? á??á??á??á??á?,Tbilisiá??á??á??á??á??á?¡á??,Georgian(Georgian alphabet)
Germany,Berlin,Deutschland,Berlin,German
Ghana,Accra,GhanaGaanaGanaGana,AccraNkranNkranAccra,EnglishAkanTwiEwe
Gibraltar[2],Gibraltar,Gibraltar,Gibraltar,English
Greece,Athens,ElladaÎ?Î»Î»Î¬Î´Î± or HellasÎ?Î»Î»Î¬Ï?,AthinaÎ?Î¸Î®Î½Î± or AthinaiÎ?Î¸Î®Î½Î±Î¹,Greek(Greek alphabet)
Greenland[8],Nuuk,Kalaallit NunaatGrÃ¸nland,NuukGodthÃ¥b,GreenlandicDanish
Grenada,St. George's,Grenada,St. George's,English
Guadeloupe[9],Basse-Terre,Guadeloupe,Basse-Terre,French
Guam[1],HagÃ¥tÃ±aformerly AgaÃ±a,GuamGuÃ¥hÃ¥n,HagÃ¥tÃ±aHagÃ¥tÃ±a,EnglishChamorro
Guatemala,Guatemala City,Guatemala,Ciudad de Guatemala,Spanish
Guernsey[11],Saint Peter Port,GuernseyGuernÃ©si,Saint Peter PortSaint Pierre Port,EnglishGuernÃ©siais
Guinea,Conakry,GuinÃ©eGineß?ß?ß¬ß£ßß«Gineğ?¤?ğ?¤­ğ?¤²ğ?¤«,ConakryKÉ?nakrÃ­ß?ßß£ß?ß?ß?ß?ß«Konaakiriğ?¤?ğ?¤®ğ?¤²ğ?¤¢ğ?¥?ğ?¤³ğ?¤­ğ?¤ªğ?¤­,"FrenchManinka, SusuPular"
Guinea-Bissau,Bissau,GuinÃ©-BissauGine-Bisaawoğ?¤?ğ?¤­ğ?¤²ğ?¤« ğ?¤?ğ?¤­ğ?¤§ğ?¤¢ğ?¥?ğ?¤±ğ?¤®Gine-Bisawoß?ß?ß¬ß£ßß« ß?ß?ß?ß?ß¥ßß«,BissauBisaawoğ?¤?ğ?¤­ğ?¤§ğ?¤¢ğ?¥?ğ?¤±ğ?¤®Bisawoß?ß?ß?ß?ß¥ßß«,PortugueseFulaMandinka
Guyana,Georgetown,Guyana,Georgetown,English
,,,,
Haiti,Port-au-Prince,HaÃ¯tiAyiti,Port-au-PrincePÃ²toprens,FrenchHaitian Creole
Honduras,Tegucigalpa,Honduras,Tegucigalpa,Spanish
Hong Kong[12],Hong Kong,Hong KongHeung Gongé¦?æ¸¯,Hong KongHeung Gongé¦?æ¸¯,EnglishCantonese(Traditional Chinese characters)
Hungary,Budapest,MagyarorszÃ¡g,Budapest,Hungarian
,,,,
Iceland,ReykjavÃ­k,Ãsland,ReykjavÃ­k,Icelandic
India,New Delhi,BhÄrÃ´tà¦­à¦¾à§°à¦¤BhÄrÃ´tà¦­à¦¾à¦°à¦¤IndiaBhÄratàª­àª¾àª°àª¤BhÄratà¤­à¤¾à¤°à¤¤BhÄrataà²­à²¾à²°à²¤BhÄratà¤­à¤¾à¤°à¤¤BhÄratamà´­à´¾à´°à´¤à´?BhÄratà¤­à¤¾à¤°à¤¤BhÄratà¤­à¤¾à¤°à¤¤BhÄrataà¬­à¬¾à¬°à¬¤BhÄratà¨­à¨¾à¨°à¨¤BhÄratamà¤­à¤¾à¤°à¤¤à¤®à¥BÄratamà®ªà®¾à®°à®¤à®®à¯BhÄratadÄ?Å?amà°­à°¾à°°à°¤à°¦à±?à°¶à°?,NÃ´tun DillÄ«à¦¨à¦¤à§à¦¨ à¦¦à¦¿à¦²à§à¦²à§?NÃ´tun DillÄ«à¦¨à¦¤à§à¦¨ à¦¦à¦¿à¦²à§à¦²à§?New DelhiNavÄ« DilhÄ«àª¨àªµà«? àª¦àª¿àª²à«àª¹à«?NaÄ« DillÄ«à¤¨à¤? à¤¦à¤¿à¤²à¥à¤²à¥?NavadehalÄ«à²¨à²µà²¦à³?à²¹à²²à²¿NavÄ« DillÄ«à¤¨à¤µà¥? à¤¦à¤¿à¤²à¥à¤²à¥?NyÅ«á¸alhià´¨àµà´¯àµ?à´¡à´²àµà´¹à´¿NavÄ« DillÄ«à¤¨à¤µà¥? à¤¦à¤¿à¤²à¥à¤²à¥?NayÃ£ DillÄ«à¤¨à¤¯à¤¾à¤ à¤¦à¤¿à¤²à¥à¤²à¥?NÅ«Ä DillÄ«à¬¨à­?à¬? à¬¦à¬¿à¬²à­à¬²à­?NavÄ© DillÄ«à¨¨à¨µà©?à¨? à¨¦à¨¿à©±à¨²à©?NavdillÄ«à¤¨à¤µà¤¦à¤¿à¤²à¥à¤²à¥?Pududillià®ªà¯à®¤à¯ à®¤à®¿à®²à¯à®²à®¿Krottaá¸hillÄ«à°?à±à°°à±?à°¤à±à°¤à°¢à°¿à°²à±à°²à±?,Assamese(Assamese script)Bengali(Bengali script)EnglishGujarati(Gujarati script)Hindi(Devanagari script)Kannada(Kannada script)Konkani(Devanagari script)Malayalam(Malayalam script)Marathi(Devanagari script)Nepali(Devanagari script)Odia(Odia script)Punjabi(Gurmukhi script)Sanskrit(Devanagari script)Tamil(Tamil script)Telugu(Telugu script)
Indonesia,Jakarta,Indonesia,Jakarta,Indonesian
Iran,Tehran,ÄªrÄnØ§Û?Ø±Ø§Ù?,TehrÄnØªÙ?Ø±Ø§Ù?,Persian(Persian script)
Iraq,Baghdad,Al-'IraqØ§Ù?Ø¹Ø±Ø§Ù?Ã?raq Ø¹Û?Ø±Ø§Ù?,BaghdadØ¨ØºØ¯Ø§Ø¯BexdaØ¨Û?ØºØ¯Ø§,Arabic(Arabic script)Kurdish
Ireland,Dublin,Ã?ireIreland,Baile Ãtha CliathDublin,IrishEnglish
Isle of Man[11],Douglas,Isle of Man or MannEllan Vannin or Mannin,DouglasDoolish,EnglishManx
Israel,Jerusalem (declared)[a],Yisra'el×?×©×¨××?IsraÊ¼iylØ¥Ø³Ø±Ø§Ø¦Ù?Ù?,Yerushalayim×?×¨×?×©×?×?×Al-QudsØ§Ù?Ù?ÙØ¯Ø³,Hebrew(Hebrew script)Arabic(Arabic script)
Italy,Rome,Italia,Roma,Italian
,,,,
Jamaica,Kingston,Jamaica,Kingston,English
Japan,Tokyo,NihonNipponæ?¥æ?¬,TÅkyÅæ±äº¬,Japanese(Japanese characters)
Jersey[11],St. Helier,JerseyJerseyJÃ¨rri,St. HelierSaint HÃ©lierSaint HÃ©lyi,EnglishFrenchJÃ¨rriais
Jordan,Amman,Al-â??UrdunØ§Ù?Ø£Ø±Ø¯Ù?,â??AmmÄnØ¹Ù?Ø§Ù?,Arabic(Arabic script)
,,,,
Kazakhstan,Astana,QazaqstanÒ?Ğ°Ğ·Ğ°Ò?ÑÑ?Ğ°Ğ½KazakhstÃ¡nĞ?Ğ°Ğ·Ğ°Ñ?ÑÑ?Ğ°Ğ½,AstanaĞÑÑ?Ğ°Ğ½Ğ°AstanaĞÑÑ?Ğ°Ğ½Ğ°,Kazakh(Cyrillic script)Russian(Cyrillic script)
Kenya,Nairobi,Kenya,Nairobi,"English, Swahili"
Kiribati,Tarawa[13],Kiribati,Tarawa,"English, Gilbertese"
North Korea,Pyongyang,ChosÅn as called in NKì¡°ì?  / æ?é®®BukchosÅnë¶ì¡°ì? ,P'yÅngyangí?ì?? / å¹³å£?,Korean(Hangul/Hanja)
South Korea,Seoul,Hanguk as called in SKí??êµ­ / é??å??Namhanë?¨í??,Seoulì??ì?¸,Korean(Hangul/Hanja)
Kosovo[14],Pristina,KosovaKosovoĞ?Ğ¾ÑĞ¾Ğ²Ğ¾,PrishtinÃ«PriÅ¡tinaĞ?Ñ?Ğ¸Ñ?Ñ?Ğ¸Ğ½Ğ°,Albanian  Serbian (Latin)  Serbian (Cyrillic)
Kuwait,Kuwait City,Dawlat ul-KuwaytØ¯Ù?Ù?Ø© Ø§Ù?Ù?Ù?Ù?Øªil-ikwetØ§Ù?Ù?Ù?Ù?Øª,Madiinat ul-KuwaytÙ?Ø¯Ù?Ù?Ø© Ø§Ù?Ù?Ù?Ù?Øªid-diiraØ§Ù?Ø¯Ù?Ø±Ø©,Arabic (Official)(Arabic script) Kuwaiti Gulf Arabic (native)(Arabic script)
Kyrgyzstan,Bishkek,KyrgyzstanĞ?Ñ?Ñ?Ğ³Ñ?Ğ·ÑÑ?Ğ°Ğ½KyrgyzstanĞ?Ñ?Ñ?Ğ³Ñ?Ğ·ÑÑ?Ğ°Ğ½,BishkekĞ?Ğ¸Ñ?ĞºĞµĞºBishkekĞ?Ğ¸Ñ?ĞºĞµĞº,Kyrgyz(Cyrillic script)Russian(Cyrillic script)
,,,,
Laos,Vientiane,Laoàº?àº°à»?àº?àº?àº¥àº²àº§,"Vientiane, Vieng Chan, or WÄ«ang Chanàº§àº½àº?àº?àº±àº?",LaoLao alphabet
Latvia,Riga,Latvija,RÄ«ga,Latvian
Lebanon,Beirut,LubnÄnÙ?Ø¨Ù?Ø§Ù?Liban,BayrÅ«tØ¨Ù?Ø±Ù?ØªBeyrouth,"Arabic(Arabic script)
French"
Lesotho,Maseru,Lesotho,Maseru,"Sesotho, English"
Liberia,Monrovia,Liberia,Monrovia,English
Libya,Tripoli,Libyaâµâµ?â´±âµ¢â´°LÄ«biyÄÙ?Ù?Ø¨Ù?Ø§,á¹¬rablesâµ?âµ?â´°â´±âµâ´»âµ?TarabulusØ·Ø±Ø§Ø¨Ù?Ø³,Berber language(Tifinagh script)Arabic(Arabic script)
Liechtenstein,Vaduz,Liechtenstein,Vaduz,German
Lithuania,Vilnius,Lietuva,Vilnius,Lithuanian
Luxembourg,Luxembourg,LÃ«tzebuergLuxemburgLuxembourg,LÃ«tzebuergLuxemburgLuxembourg,LuxembourgishGermanFrench
,,,,
Macau[12],Macau,OumÃºnæ¾³é??Macau,OumÃºnæ¾³é??Macau,Cantonese(Traditional Chinese characters)Portuguese
Madagascar,Antananarivo,MadagasikaraMadagascar,AntananarivoAntananarivo/Tananarive,MalagasyFrench
Malawi,Lilongwe,MalawiMalaÅµi,LilongweLilongwe,EnglishChichewa
Malaysia,Kuala Lumpur,Malaysia,Kuala Lumpur,Malay
Maldives,MalÃ©,Dhivehi RaajjeŞ?Ş¨Ş?Ş¬Ş?Ş¨Ş?Ş§Ş?Ş°Ş?Ş¬,MalÃ©Ş?Ş§ŞŞ¬,Dhivehi(Thaana script)
Mali,Bamako,Maliß¡ß?ß¬ß?ß?Maaliğ?¤?ğ?¤¢ğ?¥?ğ?¤¤ğ?¤­,BamakÉ?ß?ß¡ß?ß¬ß?ßß¬Bamakoğ?¤?ğ?¤¢ğ?¤¥ğ?¤¢ğ?¤³ğ?¤®,BambaraFula
Malta,Valletta,MaltaMalta,Valletta or Il-Belt VallettaValletta,MalteseEnglish
Marshall Islands,Majuro,AorÅkin á¹?ajeá¸·Marshall Islands,MÄjroMajuro,Marshallese English
Martinique[9],Fort-de-France,Martinique,Fort-de-France,French
Mauritania,Nouakchott,Muritan / Agawecâµ?âµ?âµ?âµ?âµ?â´°âµ / â´°â´³â´°âµ¡âµ?MÅ«rÄ«tÄnyÄÙ?Ù?Ø±Ù?ØªØ§Ù?Ù?Ø§,Nwakcuá¹­ / anu ukcuá¸âµâµ¡â´°â´½âµ?âµ?âµ? / â´°âµâµ? âµ?â´½âµ?âµ?â´¹nwakÅ¡Å«á¹­Ù?Ù?Ø§Ù?Ø´Ù?Ø· / Ø£Ù?Ù? Ø¤Ù?Ø´Ù?Ø¶,Berber language(Tifinagh script)Arabic(Arabic script)
Mauritius,Port Louis,MauritiusMauriceMoris,Port LouisPort-LouisPorlwi,EnglishFrenchMauritian Creole
Mayotte[9],Mamoudzou,MayotteMaore,MamoudzouMomoju,FrenchShimaore
Mexico,Mexico City,MÃ©xicoMÄ?xihco,Ciudad de MÃ©xicoÄ?ltepÄ?tl MÄ?xihco,SpanishNahuatl
Federated States of Micronesia,Palikir,Federated States of Micronesia,Palikir,English
Moldova,ChiÈ?inÄ?u,Moldova,ChiÈ?inÄ?u,Romanian
Monaco,Monaco,MonacoMÃºnegu,MonacoMÃºnegu,FrenchMonÃ©gasque
Mongolia,Ulaanbaatar,Mongol UlsĞ?Ğ¾Ğ½Ğ³Ğ¾Ğ» Ğ£Ğ»Ñá ®á ¤á ©á ­á ¤á ¯á ¤á ¯á ¤á °,UlaanbaatarĞ£Ğ»Ğ°Ğ°Ğ½Ğ±Ğ°Ğ°Ñ?Ğ°Ñ?á ¤á ¯á  á ­á  á ¨á ªá  á ­á  á ²á ¤á ·,Mongolian(Cyrillic script)(Mongol script)
Montenegro,Podgorica,Crna GoraĞ¦Ñ?Ğ½Ğ° Ğ?Ğ¾Ñ?Ğ°,PodgoricaĞ?Ğ¾Ğ´Ğ³Ğ¾Ñ?Ğ¸Ñ?Ğ°,Montenegrin
Montserrat[2],Brades Estate[15],Montserrat,Brades Estate,English
Morocco,Rabat,Amerruk / ElmeÉ£ribâ´°âµ?âµ?âµ?âµ?â´½ / âµâµ?âµ?âµ?âµ?â´±Al-maÉ£rÃ©bØ§Ù?Ù?ØºØ±Ø¨,Errbaá¹­âµ?âµ?â´±â´°âµ?Ar-ribaaá¹­Ø§Ù?Ø±Ø¨Ø§Ø·,Berber language(Tifinagh script)Arabic(Arabic script)
Mozambique,Maputo,MoÃ§ambiqueMuzambhiki,MaputoMaputo,PortugueseTsonga
Myanmar (or Burma),Naypyidaw,Myanmaá??á?¼á??á?ºá??á?¬,Nay Pyi Tawá??á?±á??á?¼á??á?ºá?á?±á?¬á?º,Burmese(Burmese alphabet)
,,,,
Namibia,Windhoek,NamibiaNamibiaNamibiÃ«NamibiaNamibia,WindhoekWindhukWindhoek/Ae-//GamsOtjomuise,EnglishGermanAfrikaansDamara/NamaHerero
Nauru,Yaren (de facto)[16],NauruNaoero,YarenYaren,EnglishNauruan
Nepal,Kathmandu,NepÄlà¤¨à¥?à¤ªà¤¾à¤²,KÄá¹­hamÄá¹?á¸aÅ©à¤?à¤¾à¤ à¤®à¤¾à¤¡à¥?à¤,Nepali(Devanagari script)
Netherlands,Amsterdam,NederlandNederlÃ¢n,AmsterdamAmsterdam,DutchWest Frisian
New Caledonia[17],NoumÃ©a,Nouvelle-CalÃ©donie,NoumÃ©a,French
New Zealand[18],Wellington,New ZealandAotearoa,WellingtonPoneke/Te Whanganui-a-Tara,EnglishMÄori
Nicaragua,Managua,Nicaragua,Managua,Spanish
Niger,Niamey,NigerNijar,NiameyYamai,FrenchHausa
Nigeria,Abuja,NigeriaNijeriyaNaÃ¬jÃ­rÃ­yÃ NÃ Ã¬jÃ­rÃ­Ã ,AbujaAbujaAbujaÃ?bÃºjÃ¡,EnglishHausaIgboYoruba
Niue[7],Alofi,NiuÄ?Niue,AlofiAlofi,NiueanEnglish
Norfolk Island[6],Kingston,Norfolk IslandNorf'k Ailen,KingstonKingston,EnglishNorfuk
North Macedonia,Skopje,Severna MakedonijaĞ¡ĞµĞ²ĞµÑ?Ğ½Ğ° Ğ?Ğ°ĞºĞµĞ´Ğ¾Ğ½Ğ¸Ñ?Ğ°Maqedonia e Veriut,SkopjeĞ¡ĞºĞ¾Ğ¿Ñ?ĞµShkup,Macedonian(Cyrillic script)Albanian
Northern Mariana Islands[1],Saipan,Northern Mariana IslandsNotte MariÃ¥nas,SaipanSaipan,EnglishChamorro
Norway,Oslo,NorgeNoregNorgaVuodnaNÃ¶Ã¶rje,OsloOsloOsloOsloOslo,Norwegian BokmÃ¥lNorwegian NynorskNorthern SÃ¡miLule SÃ¡miSouthern SÃ¡mi
,,,,
Oman,Muscat,â??UmÄnØ¹ÙÙ?Ø§Ù?,Masqaá¹­Ù?Ø³Ù?Ø·,Arabic(Arabic script)
,,,,
Pakistan,Islamabad,PakistanPÄkistÄnÙ¾Ø§Ú©Ø³ØªØ§Ù?,IslamabadIslÄmabÄdØ§Ø³Ù?Ø§Ù?â??Ø§Ø¨Ø§Ø¯,EnglishUrdu(Arabic script [NastaÊ¿lÄ«q hand])
Palau,Ngerulmud,BelauPalau,NgerulmudNgerulmud,EnglishPalauan
Palestine[14],East Jerusalem (declared)  Ramallah (administrative capital)[b],Filasá¹­Ä«nÙÙ?Ø³Ø·Ù?Ù?,Al-Quds Al-SharqitØ§Ù?Ù?Ø¯Ø³ Ø§Ù?Ø´Ø±Ù?Ù?Ø©RÄmallÄhØ±Ø§Ù? Ø§Ù?Ù?Ù?,Arabic(Arabic script)
Panama,Panama City,PanamÃ¡,Ciudad de PanamÃ¡,Spanish
Papua New Guinea,Port Moresby,Papua New GuineaPapua NiuginiPapua Niu Gini,Port MoresbyPot MosbiPot Mosbi,EnglishTok PisinHiri Motu
Paraguay,AsunciÃ³n,ParaguayParaguÃ¡i,AsunciÃ³nParaguay,SpanishGuaranÃ­
Peru,Lima,PerÃºPiruw,LimaLima,SpanishQuechua/Aymara
Philippines,Manila,PilipinasPhilippines,MaynilaManila,FilipinoEnglish
Pitcairn Islands[2],Adamstown,Pitcairn IslandsPitkern Ailen,AdamstownAdamstown,"English
Pitcairnese"
Poland,Warsaw,Polska,Warszawa,Polish
Portugal,Lisbon,Portugal,Lisboa,Portuguese
Puerto Rico[1],San Juan,Puerto Rico,San Juan,"English, Spanish"
,,,,
Qatar,Doha,Qaá¹­arÙ?Ø·Ø±,Ad-Dawá¸¥ahØ§Ù?Ø¯Ù?Ø­Ø©,Arabic(Arabic script)
,,,,
RÃ©union[9],Saint-Denis,La RÃ©union,Saint-Denis,French
Romania,Bucharest,RomÃ¢nia,BucureÈ?ti,Romanian
Russia,Moscow,Rossiya or RossiÃ¢Ğ Ğ¾ÑÑĞ¸Ñ[5],MoskvaĞ?Ğ¾ÑĞºĞ²Ğ°,Russian(Cyrillic script)
Rwanda,Kigali,Rwanda,Kigali,"French, Kinyarwanda, Swahili, English"
,,,,
Saba,The Bottom,Saba,The Bottom,Dutch
Sahrawi Arab Democratic Republic[14],Laayoune,"Al-JumhÅ«rÄ«yah al-â??ArabÄ«yah aá¹£-á¹¢aá¸¥rÄwÄ«yah ad-DÄ«muqrÄá¹­Ä«yah
Ø§Ù?Ø¬Ù?Ù?Ù?Ø±Ù?Ø© Ø§Ù?Ø¹Ø±Ø¨Ù?Ø© Ø§Ù?ØµØ­Ø±Ø§Ù?Ù?Ø© Ø§Ù?Ø¯Ù?Ù?Ù?Ø±Ø§Ø·Ù?Ø©
RepÃºblica Ãrabe Saharaui DemocrÃ¡tica","Al-Ê¿AyyÅ«n
Ù?Ø¹Ù?Ù?Ù?
El AaiÃºn",Arabic(Arabic script)Spanish
Saint BarthÃ©lemy[10],Gustavia,Saint-BarthÃ©lemy,Gustavia,French
"Saint Helena, Ascension and Tristan da Cunha[2]",Jamestown,"Saint Helena, Ascension and Tristan da Cunha",Jamestown,English
Saint Kitts and Nevis,Basseterre,Saint Kitts and Nevis,Basseterre,English
Saint Martin[10],Marigot,Saint-Martin,Marigot,French
Saint Lucia,Castries,Saint Lucia,Castries,English
Saint Pierre and Miquelon[10],Saint-Pierre,Saint-Pierre et Miquelon,Saint-Pierre,French
Saint Vincent and the Grenadines,Kingstown,Saint Vincent and the Grenadines,Kingstown,English
Samoa,Apia,SamoaSÄmoa,ApiaApia,EnglishSamoan
San Marino,San Marino,San Marino,San Marino,Italian
SÃ£o TomÃ© and PrÃ­ncipe,SÃ£o TomÃ©,SÃ£o TomÃ© e PrÃ­ncipe,SÃ£o TomÃ©,Portuguese
Saudi Arabia,Riyadh,Al-Mamlaka Al-â??Arabiyyah as Saâ??Å«diyyahØ§Ù?Ù?Ù?Ù?Ù?Ø© Ø§Ù?Ø¹Ø±Ø¨Ù?Ø© Ø§Ù?Ø³Ø¹Ù?Ø¯Ù?Ø©,Ar-RiyÄá¸Ø§Ù?Ø±Ù?Ø§Ø¶,Arabic(Arabic script)
Senegal,Dakar,SÃ©nÃ©galSenegaal,DakarNdakaaru,FrenchWolof
Serbia,Belgrade,SrbijaĞ¡Ñ?Ğ±Ğ¸Ñ?Ğ°,BeogradĞ?ĞµĞ¾Ğ³Ñ?Ğ°Ğ´,Serbian(Cyrillic script)
Seychelles,Victoria,SeselSeychellesSeychelles,Victoria or Port Victoria,Seychellois CreoleFrenchEnglish
Sierra Leone,Freetown,Sierra Leone,Freetown,English
Singapore,Singapore,SingapuraSingaporeXÄ«njiÄpÅæ?°å? å¡Singapurà®?à®¿à®?à¯à®?à®ªà¯à®ªà¯?à®°à¯,SingapuraSingaporeXÄ«njiÄpÅæ?°å? å¡Singapurà®?à®¿à®?à¯à®?à®ªà¯à®ªà¯?à®°à¯,MalayEnglishMandarin Chinese(Simplified Chinese characters)Tamil(Tamil script)
Sint Maarten[3],Philipsburg,Sint MaartenSint Maarten,PhilipsburgPhilipsburg,DutchEnglish
Slovakia,Bratislava,Slovensko,Bratislava,Slovak
Slovenia,Ljubljana,Slovenija,Ljubljana,Slovene
Solomon Islands,Honiara,Solomon IslandsSolomon Aelan,HoniaraHoniala,EnglishNeo-Solomonic
Somalia,Mogadishu,SoomaaliyaaÅ?-Å?Å«mÄlØ§Ù?ØµÙ?Ù?Ø§Ù?,MuqdishoMaqadÄ«shÅ«Ù?Ù?Ø¯Ù?Ø´Ù?,SomaliArabic(Arabic script)
South Africa,"Pretoria (administrative capital), Cape Town (legislative capital), Bloemfontein, (judicial capital)",South AfricaSuid-AfrikaiNingizimu AfrikauMzantsi AfrikaAfrika-BorwaAfrika BorwaAforika BorwaAfurika TshipembeAfrika DzongaiNingizimu AfrikaiSewula Afrika,"Pretoria, Cape TownPretoria, KaapstadiPitoli, iKapaiPitoli, iKapaPretoriaPretoriaPretoriaPretoriaPitoriiPitoliiPitori",EnglishAfrikaansisiZuluisiXhosaPediSothoTswanaVendaTsongaSwaziNdebele
South Sudan,Juba,South SudanPaguot ThudÃ¤nSudan Kusini,JubaJubaJuba,EnglishDinkaSwahili
Spain,Madrid,EspaÃ±aEspanyaEspainiaEspanha,MadridMadridMadrilMadrid,"Spanish, GalicianCatalanBasqueAranese, Galician (R)"
Sri Lanka,Sri Jayawardenapura Kotte,Sri LankÄà·à·?â?à¶»à·? à¶½à¶?à¶?à·à·?à®?à®²à®?à¯à®?à¯?,Sri Jayawardenapura Kotteà·à·?â?à¶»à·? à¶¢à¶ºà·?à¶»à·?à¶°à¶±à¶´à·?à¶» à¶?à·à¶§à·?à¶§à·?à®¶à¯à®°à¯? à®?à¯?à®¯à®µà®°à¯à®¤à¯à®¤à®©à®ªà¯à®°à®®à¯ à®?à¯?à®?à¯à®?à¯?,SinhalaTamil
Sint Eustatius,Oranjestad,Sint EustatiusStatia,OranjestadOranjestad,DutchEnglish
Sudan,Khartoum,As-SudanØ§Ù?Ø³Ù?Ø¯Ø§Ù?,Al-KhartÃ»mØ§Ù?Ø®Ø±Ø·Ù?Ù?,Arabic(Arabic script)
Suriname,Paramaribo,Suriname,Paramaribo,Dutch
Svalbard[19],Longyearbyen,Svalbard,Longyearbyen,Norwegian
Sweden,Stockholm,Sverige,Stockholm,Swedish
Switzerland,Bern (de facto)[16],SchweizSuisseSvizzeraSvizra,BernBerneBernaBerna,GermanFrenchItalianRomansh
Syria,Damascus,SuriyahØ³Ù?Ø±Ù?Ø©,Dimashq / Ash-ShamØ§Ù?Ø´Ø§Ù? / Ø¯Ù?Ø´Ù?,Arabic(Arabic script)
,,,,
Taiwan (Republic of China)[14],Taipei,ZhÅnghuÃ¡ MÃ­nguÃ³ or TÃ¡iwÄnä¸­è¯æ°?å?? or è?ºç£/å°ç£,TÃ¡ibÄ?iè?ºå??/å°å??,Chinese(Traditional Chinese characters)
Tajikistan,Dushanbe,TojikistonĞ¢Ğ¾Ò·Ğ¸ĞºĞ¸ÑÑ?Ğ¾Ğ½,DushanbeĞ?Ñ?Ñ?Ğ°Ğ½Ğ±Ğµ,Tajiki-Persian(Cyrillic)
Tanzania,Dodoma,Tanzania,Dodoma,"English, Swahili"
Thailand,Bangkok,"Thai, Prathet Thai, Ratcha-anachak Thaià¹?à¸?à¸¢, à¸?à¸£à¸°à¹?à¸?à¸¨à¹?à¸?à¸¢, à¸£à¸²à¸?à¸­à¸²à¸?à¸²à¸?à¸±à¸à¸£à¹?à¸?à¸¢","Krung Thep, Krung Thep Maha Nakhonà¸à¸£à¸¸à¸?à¹?à¸?à¸?à¸¯, à¸à¸£à¸¸à¸?à¹?à¸?à¸?à¸¡à¸«à¸²à¸?à¸?à¸£",Thai(Thai script)
Togo,LomÃ©,TogoTogoTogo,LomÃ©LomeLoma,FrenchEweKabiye
Tokelau[20],,Tokelau,,"English, Tokelauan"
Tonga,NukuÊ»alofa,Tonga,NukuÊ»alofa,"Tongan, English"
Trinidad and Tobago,Port of Spain,Trinidad and Tobago,Port of Spain,English
Tunisia,Tunis,Tunesâµ?âµ?âµâµ?TÅ«nsØªÙ?Ù?Ø³,Tunesâµ?âµ?âµâµ?TÅ«nsØªÙ?Ù?Ø³,Berber language(Tifinagh script)Arabic(Arabic script)
Turkey,Ankara,TÃ¼rkiye,Ankara,Turkish
Turkmenistan,Ashgabat,TÃ¼rkmenistan,AÅ?gabat,Turkmen
Turks and Caicos Islands[2],Cockburn Town,Turks and Caicos Islands,Cockburn Town,English
Tuvalu,Fongafale (in Funafuti),Tuvalu,Fongafale,"English, Tuvaluan"
,,,,
Uganda,Kampala,Uganda,Kampala,"English, Swahili"
Ukraine,Kyiv,UkrajinaĞ£ĞºÑ?Ğ°Ñ?Ğ½Ğ°,KyjivĞ?Ğ¸Ñ?Ğ²,Ukrainian(Cyrillic script)
United Arab Emirates,Abu Dhabi,Al-â??ImÄrat Al-â??Arabiyyah Al-Muttaá¸¥idahØ§Ù?Ø¥Ù?Ø§Ø±Ø§Øª Ø§Ù?Ø¹Ø±Ø¨Ù?Ù?Ø© Ø§Ù?Ù?ØªÙ?Ø­Ø¯Ø©,â??AbÅ« áº?abÄ«Ø£Ø¨Ù?Ø¸Ø¨Ù?,Arabic(Arabic script)
United Kingdom,London,United Kingdom or BritainY Deyrnas UnedigUnitit KinrickRÃ¬oghachd AonaichteRÃ­ocht AontaitheAn Rywvaneth Unys,LondonLlundainLunnonLunnainnLondainLoundres,EnglishWelshScotsScots GaelicIrishCornish
United States,"Washington, D.C.",United States or AmericaEstados UnidosÃ?tats-Unis(multiple names)â??Amelika Hui PÅ« â??ia,"Washington, D.C., Washington, or D.C.Washington D.C.Washington, D.C.(multiple names)Wakinekona/Wasinetona",EnglishSpanishCajun FrenchIndigenousHawaiian
United States Virgin Islands[1],Charlotte Amalie,United States Virgin Islands,Charlotte Amalie,English
Uruguay,Montevideo,Uruguay,Montevideo,Spanish
Uzbekistan,Tashkent,Oâ??zbekistonĞ?Ğ·Ğ±ĞµĞºĞ¸ÑÑ?Ğ¾Ğ½,ToshkentĞ¢Ğ¾Ñ?ĞºĞµĞ½Ñ?,Uzbek(Cyrillic script)
,,,,
Vanuatu,Port Vila,Vanuatu,Port-Vila,French
Vatican City,Vatican City,Civitas VaticanaCittÃ  del Vaticano,Civitas VaticanaCittÃ  del Vaticano,LatinItalian
Venezuela,Caracas,Venezuela,Caracas,Spanish
Vietnam,Hanoi,Viá»?t Nam,HÃ  Ná»?i,Vietnamese
,,,,
Wallis and Futuna[10],Mata Utu,Wallis-et-FutunaÊ»Uvea mo Futuna,Mata UtuMatÄÊ»utu,FrenchWallisianFutunan
,,,,
Yemen,Sana'a,Al-YamanØ§Ù?Ù?Ù?Ù?,á¹¢anâ??Äâ??ïº»ï»¨ï»?ïº?ïº?,Arabic(Arabic script)
,,,,
Zambia,Lusaka,Zambia,Lusaka,"English, Bemba, Chewa"
Zimbabwe,Harare,Zimbabwe,Harare,"English, Shona"
